[
  {
    "id": "3a80b374-3847-42df-abf1-2d2793955031",
    "data": [
      {
        "text": "Hello!",
        "userDefined": false
      }
    ],
    "isTemplate": false,
    "count": 0,
    "updated": 1533444947
  },
  {
    "id": "6602a824-7cc9-4d35-9fbc-136116c698be",
    "data": [
      {
        "text": "Hey there!",
        "userDefined": false
      }
    ],
    "isTemplate": false,
    "count": 0,
    "updated": 1533444947
  },
  {
    "id": "62c8c4a9-bf27-454e-a687-ebab12b80445",
    "data": [
      {
        "text": "Hi!",
        "userDefined": false
      }
    ],
    "isTemplate": false,
    "count": 0,
    "updated": 1533444947
  }
]