[
  {
    "id": "4c7ca22a-a697-44b7-80c3-c3c06492943f",
    "data": [
      {
        "text": "My name is ",
        "userDefined": false
      },
      {
        "text": "Alex",
        "alias": "name",
        "meta": "@sys.given-name",
        "userDefined": false
      },
      {
        "text": ".",
        "userDefined": false
      }
    ],
    "isTemplate": false,
    "count": 0,
    "updated": 1540467679
  },
  {
    "id": "c959ffa0-6e2f-48b8-8606-3b27d83dffeb",
    "data": [
      {
        "text": "I want to make a room reservation",
        "userDefined": false
      }
    ],
    "isTemplate": false,
    "count": 0,
    "updated": 1538660529
  },
  {
    "id": "bd15fc83-29c5-4965-a479-1d4f361f6509",
    "data": [
      {
        "text": "Book rooms for ",
        "userDefined": false
      },
      {
        "text": "3",
        "alias": "persons",
        "meta": "@sys.number",
        "userDefined": false
      },
      {
        "text": " people.",
        "userDefined": false
      }
    ],
    "isTemplate": false,
    "count": 0,
    "updated": 1540467679
  },
  {
    "id": "d4d8b6f1-dbf4-4057-b85c-cbfd4030cffb",
    "data": [
      {
        "text": "My contact number is ",
        "userDefined": false
      },
      {
        "text": "0715919580",
        "alias": "phone-number",
        "meta": "@sys.phone-number",
        "userDefined": false
      },
      {
        "text": ".",
        "userDefined": false
      }
    ],
    "isTemplate": false,
    "count": 0,
    "updated": 1538668283
  },
  {
    "id": "c5b2292e-f6cf-4daa-bbb3-972e25045e28",
    "data": [
      {
        "text": "I want a room",
        "userDefined": false
      }
    ],
    "isTemplate": false,
    "count": 0,
    "updated": 1538660529
  },
  {
    "id": "2c177789-35af-4f1b-a453-2a84f7fb7a7e",
    "data": [
      {
        "text": "My email is ",
        "userDefined": false
      },
      {
        "text": "sdaupadie@gmail.com",
        "alias": "email",
        "meta": "@sys.email",
        "userDefined": true
      }
    ],
    "isTemplate": false,
    "count": 0,
    "updated": 1538668283
  },
  {
    "id": "aadd94ac-6389-4570-80c2-5392a6bf0a44",
    "data": [
      {
        "text": "I want to book a room",
        "userDefined": false
      }
    ],
    "isTemplate": false,
    "count": 0,
    "updated": 1538660529
  },
  {
    "id": "47ca6c4c-02b8-411f-845f-321f9a0e7768",
    "data": [
      {
        "text": "I need a room",
        "userDefined": false
      }
    ],
    "isTemplate": false,
    "count": 0,
    "updated": 1538660529
  },
  {
    "id": "404e6a3a-4ddf-4b71-bb20-f68ed5731dcf",
    "data": [
      {
        "text": "I want to reserve a hotel room",
        "userDefined": false
      }
    ],
    "isTemplate": false,
    "count": 0,
    "updated": 1538660529
  }
]